;center_point;envelope
1;POINT (-38.86498999999785 -7.902539999998771);POLYGON ((-39.11498999999785 -8.152539999998771, -38.61498999999785 -8.152539999998771, -38.61498999999785 -7.652539999998771, -39.11498999999785 -7.652539999998771, -39.11498999999785 -8.152539999998771))
11;POINT (-38.36498999999785 -5.902539999998771);POLYGON ((-38.61498999999785 -6.152539999998771, -38.11498999999785 -6.152539999998771, -38.11498999999785 -5.652539999998771, -38.61498999999785 -5.652539999998771, -38.61498999999785 -6.152539999998771))
21;POINT (-37.36498999999785 -6.902539999998771);POLYGON ((-37.61498999999785 -7.152539999998771, -37.11498999999785 -7.152539999998771, -37.11498999999785 -6.652539999998771, -37.61498999999785 -6.652539999998771, -37.61498999999785 -7.152539999998771))
31;POINT (-36.36498999999785 -7.902539999998771);POLYGON ((-36.61498999999785 -8.152539999998771, -36.11498999999785 -8.152539999998771, -36.11498999999785 -7.652539999998771, -36.61498999999785 -7.652539999998771, -36.61498999999785 -8.152539999998771))
43;POINT (-35.36498999999785 -7.902539999998771);POLYGON ((-35.61498999999785 -8.152539999998771, -35.11498999999785 -8.152539999998771, -35.11498999999785 -7.652539999998771, -35.61498999999785 -7.652539999998771, -35.61498999999785 -8.152539999998771))
57;POINT (-34.36498999999785 -6.902539999998771);POLYGON ((-34.61498999999785 -7.152539999998771, -34.11498999999785 -7.152539999998771, -34.11498999999785 -6.652539999998771, -34.61498999999785 -6.652539999998771, -34.61498999999785 -7.152539999998771))
